﻿Nombre,%  Finalizado,% Iniciado,Departamento,Empresa,Finalizacion,Plan Estratégico,Tareas
Abrir nuevas vias de contacto,0,0.3333333333333333,Comercial,https://www.notion.so/27e272c9f6ae80b58ff5cb6131afefe7,No hay tareas completadas,Marketing 2026 (https://www.notion.so/Marketing-2026-28d272c9f6ae80049c9fca8b0735e0cb?pvs=21),"Averiguar nuevos canales (https://www.notion.so/Averiguar-nuevos-canales-28d272c9f6ae8017a403d9fbcf0844f7?pvs=21), Probar nuevos canales (https://www.notion.so/Probar-nuevos-canales-28d272c9f6ae80c4a34cd0660eb57ad6?pvs=21), Para Smatbot (https://www.notion.so/Para-Smatbot-28d272c9f6ae80f2ab9bc156afc49587?pvs=21)"
Expansion a Latinoamerica,0,1,Operaciones,https://www.notion.so/279272c9f6ae80d58ff0f76cff1dc46d,No hay tareas completadas,Plan de expansion (https://www.notion.so/Plan-de-expansion-28d272c9f6ae8038a4d3ee0be7e95e7a?pvs=21),Catalogar paises (https://www.notion.so/Catalogar-paises-28d272c9f6ae8048bd08cecac33c190a?pvs=21)
Exopansion a Europa,0,0,Operaciones,https://www.notion.so/279272c9f6ae80d58ff0f76cff1dc46d,No hay tareas completadas,Plan de expansion (https://www.notion.so/Plan-de-expansion-28d272c9f6ae8038a4d3ee0be7e95e7a?pvs=21),Averiguar nuevos paises candidatos (https://www.notion.so/Averiguar-nuevos-paises-candidatos-28d272c9f6ae80e1a061e461f2dc04ae?pvs=21)
Terminos legales,0,1,Operaciones,https://www.notion.so/28a272c9f6ae805385f3c951f4d4c867,No hay tareas completadas,Nuevo plan facturacion (https://www.notion.so/Nuevo-plan-facturacion-28d272c9f6ae80c49958e1c360a78e91?pvs=21),Averiguar disponibilidad financiacion (https://www.notion.so/Averiguar-disponibilidad-financiacion-28d272c9f6ae80c0bd62fb0885a35389?pvs=21)
Ronda de financiacion,0,0,Financiero,https://www.notion.so/28a272c9f6ae805385f3c951f4d4c867,No hay tareas completadas,Nuevo plan facturacion (https://www.notion.so/Nuevo-plan-facturacion-28d272c9f6ae80c49958e1c360a78e91?pvs=21),"Valoracion (https://www.notion.so/Valoracion-28d272c9f6ae808cad47e7be5dafd2f7?pvs=21), Abrir nueva ronda de financiacion (https://www.notion.so/Abrir-nueva-ronda-de-financiacion-28d272c9f6ae8093bc89c5a848e03715?pvs=21)"