﻿Nombre,Correo electrónico,Crear Acción Estratégica,Crear Evento en el Calendario,Crear nueva Tarea,Crear nueva idea,Cuerpo,Empresas/Proyectos,Estado,Fecha de Envío,Origen
Your upcoming meetings,no-reply@otter.ai,,,,,"Otter.ai – Get ready for your week View all conversations → *********************** Get ready for your week *********************** Here's your recent activity and upcoming meeting. --------------------------------------------------------------------------------------------------- Upcoming meetings View all...
",SmartBot (https://www.notion.so/SmartBot-27e272c9f6ae80b58ff5cb6131afefe7?pvs=21),Sin ver,13 de octubre de 2025 3:53 (GMT-3),Luis.araujo@smartbotla.com
Your upcoming meetings,no-reply@otter.ai,,,,,"Otter.ai – Get ready for your week View all conversations → *********************** Get ready for your week *********************** Here's your recent activity and upcoming meeting. --------------------------------------------------------------------------------------------------- Upcoming meetings View all...
",Amapola (https://www.notion.so/Amapola-279272c9f6ae80d58ff0f76cff1dc46d?pvs=21),Sin ver,13 de octubre de 2025 3:53 (GMT-3),Laraujo@amapola.tech
Your upcoming meetings,no-reply@otter.ai,,,,,"Otter.ai – Get ready for your week View all conversations → *********************** Get ready for your week *********************** Here's your recent activity and upcoming meeting. --------------------------------------------------------------------------------------------------- Upcoming meetings View all...
",MobixxDrive (https://www.notion.so/MobixxDrive-28a272c9f6ae805385f3c951f4d4c867?pvs=21),Sin ver,13 de octubre de 2025 3:53 (GMT-3),Luis.araujo@mobixxdrive.com
Your upcoming meetings,no-reply@otter.ai,,,,,"Otter.ai – Get ready for your week View all conversations → *********************** Get ready for your week *********************** Here's your recent activity and upcoming meeting. --------------------------------------------------------------------------------------------------- Upcoming meetings View all...
",,Sin ver,13 de octubre de 2025 3:53 (GMT-3),Lh.araujo@gmail.com