﻿Empresa/Proyecto,Correos Electronicos,Eventos,Notas,Plan Estratégico,Tipo,"💡 Ideas "
Amapola,Your upcoming meetings (https://www.notion.so/Your-upcoming-meetings-28b272c9f6ae8140b052e340b8dd2f8d?pvs=21),,"Pagar a Lujan (https://www.notion.so/Pagar-a-Lujan-28d272c9f6ae80c9bc0cd405db7ab312?pvs=21), Cobrar Lujan (https://www.notion.so/Cobrar-Lujan-28d272c9f6ae809695d7c4aba3bb8b3e?pvs=21)",Plan de expansion (https://www.notion.so/Plan-de-expansion-28d272c9f6ae8038a4d3ee0be7e95e7a?pvs=21),Empresa,Nuevo logo Amapola (https://www.notion.so/Nuevo-logo-Amapola-28d272c9f6ae8039abe6ccc963e200d8?pvs=21)
SmartBot,Your upcoming meetings (https://www.notion.so/Your-upcoming-meetings-28b272c9f6ae81b3ac33f03b981fdaa3?pvs=21),,"Pago realizado (https://www.notion.so/Pago-realizado-28d272c9f6ae80db9a0ac531c273339b?pvs=21), Sin título (https://www.notion.so/28d272c9f6ae802692fbe811c7b0683b?pvs=21)",Marketing 2026 (https://www.notion.so/Marketing-2026-28d272c9f6ae80049c9fca8b0735e0cb?pvs=21),Empresa,Idea de optimizacion procesos SmatBot (https://www.notion.so/Idea-de-optimizacion-procesos-SmatBot-28d272c9f6ae806fb69cc0b5aecd4253?pvs=21)
MobixxDrive,Your upcoming meetings (https://www.notion.so/Your-upcoming-meetings-28b272c9f6ae811cab62eef6dbdba49b?pvs=21),,Coordinar reunion MombixxDrive (https://www.notion.so/Coordinar-reunion-MombixxDrive-28d272c9f6ae80b1963fc73dac55592a?pvs=21),Nuevo plan facturacion (https://www.notion.so/Nuevo-plan-facturacion-28d272c9f6ae80c49958e1c360a78e91?pvs=21),Empresa,Nuevos sistemas de recolección de datos (https://www.notion.so/Nuevos-sistemas-de-recolecci-n-de-datos-28d272c9f6ae8008ae57fb884de38a27?pvs=21)
Argus,,,Retirar cheque (https://www.notion.so/Retirar-cheque-28d272c9f6ae80d5a65dfb8ffabe1ded?pvs=21),,Proyecto,"Cobrar (https://www.notion.so/Cobrar-28d272c9f6ae80cd89c7f161f9f596d0?pvs=21), Sin título (https://www.notion.so/28d272c9f6ae8031a52edf6083d71024?pvs=21)"
Anamid,,,,,Proyecto,PAgar (https://www.notion.so/PAgar-28d272c9f6ae802c93b9c259a3e80113?pvs=21)
Walking Together,,,,,Proyecto,Sin título (https://www.notion.so/28d272c9f6ae80cfaffddfab549c1fd3?pvs=21)
Café São Pedro,,,,,Proyecto,
Personal Mkt,,,,,Proyecto,