﻿Nombre,Agendado,Creado,Empresas/Proyectos,Estado
Idea de optimizacion procesos SmatBot,16 de octubre de 2025,15 de octubre de 2025 12:02,SmartBot (https://www.notion.so/SmartBot-27e272c9f6ae80b58ff5cb6131afefe7?pvs=21),Idea cruda
Nuevo logo Amapola,,15 de octubre de 2025 12:30,Amapola (https://www.notion.so/Amapola-279272c9f6ae80d58ff0f76cff1dc46d?pvs=21),Idea cruda
Nuevos sistemas de recolección de datos,,15 de octubre de 2025 12:33,MobixxDrive (https://www.notion.so/MobixxDrive-28a272c9f6ae805385f3c951f4d4c867?pvs=21),Idea cruda
Cobrar,,15 de octubre de 2025 12:42,Argus (https://www.notion.so/Argus-28a272c9f6ae806597c1dfa96a5ef1d5?pvs=21),Idea cruda
PAgar,,15 de octubre de 2025 12:42,Anamid (https://www.notion.so/Anamid-28a272c9f6ae80b4be6efebca076cd34?pvs=21),Idea cruda
,,15 de octubre de 2025 12:42,Walking Together (https://www.notion.so/Walking-Together-28a272c9f6ae802582ecec77505378a7?pvs=21),Idea cruda
,,15 de octubre de 2025 12:43,Argus (https://www.notion.so/Argus-28a272c9f6ae806597c1dfa96a5ef1d5?pvs=21),Idea cruda