﻿Nombre,Empresas/Proyectos,Last edited time,Recordatorio
Pago realizado,SmartBot (https://www.notion.so/SmartBot-27e272c9f6ae80b58ff5cb6131afefe7?pvs=21),15 de octubre de 2025 12:28,
Pagar a Lujan,Amapola (https://www.notion.so/Amapola-279272c9f6ae80d58ff0f76cff1dc46d?pvs=21),15 de octubre de 2025 12:31,
Coordinar reunion MombixxDrive,MobixxDrive (https://www.notion.so/MobixxDrive-28a272c9f6ae805385f3c951f4d4c867?pvs=21),15 de octubre de 2025 12:34,
Retirar cheque,Argus (https://www.notion.so/Argus-28a272c9f6ae806597c1dfa96a5ef1d5?pvs=21),15 de octubre de 2025 12:44,17 de octubre de 2025
Cobrar Lujan,Amapola (https://www.notion.so/Amapola-279272c9f6ae80d58ff0f76cff1dc46d?pvs=21),15 de octubre de 2025 12:46,
,SmartBot (https://www.notion.so/SmartBot-27e272c9f6ae80b58ff5cb6131afefe7?pvs=21),15 de octubre de 2025 13:09,