﻿Nombre,Acciones Estratégicas,Departamento,Empresa,Estado,"Fecha ",Prioridad,Responsable
Averiguar nuevos canales,Abrir nuevas vias de contacto (https://www.notion.so/Abrir-nuevas-vias-de-contacto-28d272c9f6ae80a3b864f7d482091a25?pvs=21),Comercial,@SmartBot,En progreso,15 de octubre de 2025,,Botekia
Probar nuevos canales,Abrir nuevas vias de contacto (https://www.notion.so/Abrir-nuevas-vias-de-contacto-28d272c9f6ae80a3b864f7d482091a25?pvs=21),Comercial,@SmartBot,Sin empezar,18 de octubre de 2025,Media,Botekia
Catalogar paises,Expansion a Latinoamerica (https://www.notion.so/Expansion-a-Latinoamerica-28d272c9f6ae80acb97ae6a30c860e2d?pvs=21),Operaciones,@Amapola,En progreso,16 de octubre de 2025,Media,Botekia
Averiguar nuevos paises candidatos,Exopansion a Europa (https://www.notion.so/Exopansion-a-Europa-28d272c9f6ae805eaca9db20bb37ecc4?pvs=21),Operaciones,@Amapola,Sin empezar,29 de octubre de 2025,Alta,Botekia
Valoracion,Ronda de financiacion (https://www.notion.so/Ronda-de-financiacion-28d272c9f6ae807ea0eed73512a52b30?pvs=21),Financiero,@MobixxDrive,Sin empezar,17 de octubre de 2025,Alta,Botekia
Abrir nueva ronda de financiacion,Ronda de financiacion (https://www.notion.so/Ronda-de-financiacion-28d272c9f6ae807ea0eed73512a52b30?pvs=21),Financiero,@MobixxDrive,Sin empezar,24 de octubre de 2025,Alta,Botekia
Averiguar disponibilidad financiacion,Terminos legales (https://www.notion.so/Terminos-legales-28d272c9f6ae808ab418f0ac3fdd3eb7?pvs=21),Operaciones,@MobixxDrive,En progreso,15 de octubre de 2025,Alta,Botekia
Para Smatbot,Abrir nuevas vias de contacto (https://www.notion.so/Abrir-nuevas-vias-de-contacto-28d272c9f6ae80a3b864f7d482091a25?pvs=21),Comercial,@SmartBot,Sin empezar,,,Botekia
Terminar el trabajo asignado,,,,Sin empezar,,Baja,Botekia